year,subject,name,layer
2023,0101 哲学,复旦大学,前3%
2023,0101 哲学,中国人民大学,前3%
2023,0101 哲学,北京大学,前3%
2023,0101 哲学,中山大学,前3%
2023,0101 哲学,北京师范大学,前7%
2023,0101 哲学,南京大学,前7%
2023,0101 哲学,武汉大学,前7%
2023,0101 哲学,华东师范大学,前7%
2023,0101 哲学,山东大学,前7%
2023,0101 哲学,浙江大学,前12%
2023,0101 哲学,清华大学,前12%
2023,0101 哲学,吉林大学,前12%
2023,0101 哲学,山西大学,前12%
2023,0101 哲学,四川大学,前12%
2023,0101 哲学,南开大学,前12%
2023,0101 哲学,华中科技大学,前12%
2023,0101 哲学,东南大学,前20%
2023,0101 哲学,湖南师范大学,前20%
2023,0101 哲学,厦门大学,前20%
2023,0101 哲学,湖南大学,前20%
2023,0101 哲学,西安交通大学,前20%
2023,0101 哲学,黑龙江大学,前20%
2023,0101 哲学,陕西师范大学,前20%
2023,0101 哲学,同济大学,前20%
2023,0101 哲学,中央民族大学,前20%
2023,0101 哲学,西南大学,前20%
2023,0101 哲学,华南师范大学,前20%
2023,0101 哲学,上海师范大学,前30%
2023,0101 哲学,首都师范大学,前30%
2023,0101 哲学,上海交通大学,前30%
2023,0201 理论经济学,中国人民大学,前3%
2023,0201 理论经济学,复旦大学,前3%
2023,0201 理论经济学,北京大学,前3%
2023,0201 理论经济学,南开大学,前7%
2023,0201 理论经济学,上海财经大学,前7%
2023,0201 理论经济学,北京师范大学,前7%
2023,0201 理论经济学,西南财经大学,前7%
2023,0201 理论经济学,中央财经大学,前12%
2023,0201 理论经济学,厦门大学,前12%
2023,0201 理论经济学,武汉大学,前12%
2023,0201 理论经济学,南京大学,前12%
2023,0201 理论经济学,辽宁大学,前12%
2023,0201 理论经济学,中南财经政法大学,前12%
2023,0201 理论经济学,清华大学,前20%
2023,0201 理论经济学,深圳大学,前20%
2023,0201 理论经济学,对外经济贸易大学,前20%
2023,0201 理论经济学,江西财经大学,前20%
2023,0201 理论经济学,山东大学,前20%
2023,0201 理论经济学,西北大学,前20%
2023,0201 理论经济学,四川大学,前20%
2023,0201 理论经济学,吉林大学,前20%
2023,0201 理论经济学,暨南大学,前20%
2023,0201 理论经济学,浙江大学,前20%
2023,0201 理论经济学,山东财经大学,前30%
2023,0201 理论经济学,南京审计大学,前30%
2023,0201 理论经济学,湖南师范大学,前30%
2023,0201 理论经济学,湘潭大学,前30%
2023,0201 理论经济学,福建师范大学,前30%
2023,0201 理论经济学,南京财经大学,前30%
2023,0201 理论经济学,北京理工大学,前30%
2023,0202 应用经济学,中国人民大学,前3%
2023,0202 应用经济学,对外经济贸易大学,前3%
2023,0202 应用经济学,北京大学,前3%
2023,0202 应用经济学,西南财经大学,前3%
2023,0202 应用经济学,上海财经大学,前3%
2023,0202 应用经济学,中央财经大学,前3%
2023,0202 应用经济学,南开大学,前3%
2023,0202 应用经济学,厦门大学,前3%
2023,0202 应用经济学,清华大学,前7%
2023,0202 应用经济学,复旦大学,前7%
2023,0202 应用经济学,中南财经政法大学,前7%
2023,0202 应用经济学,中山大学,前7%
2023,0202 应用经济学,南京财经大学,前7%
2023,0202 应用经济学,东北财经大学,前7%
2023,0202 应用经济学,山东大学,前7%
2023,0202 应用经济学,湖南大学,前7%
2023,0202 应用经济学,暨南大学,前7%
2023,0202 应用经济学,武汉大学,前7%
2023,0202 应用经济学,西安交通大学,前12%
2023,0202 应用经济学,浙江大学,前12%
2023,0202 应用经济学,上海交通大学,前12%
2023,0202 应用经济学,首都经济贸易大学,前12%
2023,0202 应用经济学,江西财经大学,前12%
2023,0202 应用经济学,浙江财经大学,前12%
2023,0202 应用经济学,南京大学,前12%
2023,0202 应用经济学,广东外语外贸大学,前12%
2023,0202 应用经济学,山东财经大学,前12%
2023,0202 应用经济学,南京审计大学,前12%
2023,0202 应用经济学,辽宁大学,前12%
2023,0202 应用经济学,吉林大学,前12%
2023,0302 政治学,复旦大学,前3%
2023,0302 政治学,中国人民大学,前3%
2023,0302 政治学,北京大学,前7%
2023,0302 政治学,华中师范大学,前7%
2023,0302 政治学,吉林大学,前7%
2023,0302 政治学,清华大学,前12%
2023,0302 政治学,云南大学,前12%
2023,0302 政治学,天津师范大学,前12%
2023,0302 政治学,中国政法大学,前12%
2023,0302 政治学,南京大学,前12%
2023,0302 政治学,暨南大学,前20%
2023,0302 政治学,中山大学,前20%
2023,0302 政治学,南开大学,前20%
2023,0302 政治学,华东师范大学,前20%
2023,0302 政治学,山东大学,前20%
2023,0302 政治学,厦门大学,前20%
2023,0302 政治学,武汉大学,前20%
2023,0302 政治学,四川大学,前30%
2023,0302 政治学,外交学院,前30%
2023,0302 政治学,同济大学,前30%
2023,0302 政治学,上海外国语大学,前30%
2023,0302 政治学,上海交通大学,前30%
2023,0302 政治学,华东政法大学,前30%
2023,0302 政治学,对外经济贸易大学,前30%
2023,0302 政治学,华南师范大学,前30%
2023,0302 政治学,南京师范大学,前40%
2023,0302 政治学,郑州大学,前40%
2023,0302 政治学,东北师范大学,前40%
2023,0302 政治学,苏州大学,前40%
2023,0302 政治学,浙江师范大学,前40%
2023,0303 社会学,北京大学,前3%
2023,0303 社会学,中国人民大学,前3%
2023,0303 社会学,南京大学,前7%
2023,0303 社会学,中山大学,前7%
2023,0303 社会学,复旦大学,前7%
2023,0303 社会学,上海大学,前7%
2023,0303 社会学,华东师范大学,前12%
2023,0303 社会学,清华大学,前12%
2023,0303 社会学,厦门大学,前12%
2023,0303 社会学,华中师范大学,前12%
2023,0303 社会学,南开大学,前20%
2023,0303 社会学,西安交通大学,前20%
2023,0303 社会学,武汉大学,前20%
2023,0303 社会学,中央民族大学,前20%
2023,0303 社会学,北京师范大学,前20%
2023,0303 社会学,中国农业大学,前20%
2023,0303 社会学,吉林大学,前20%
2023,0303 社会学,浙江大学,前30%
2023,0303 社会学,华中科技大学,前30%
2023,0303 社会学,山东大学,前30%
2023,0303 社会学,云南民族大学,前30%
2023,0303 社会学,华东理工大学,前30%
2023,0303 社会学,中南大学,前30%
2023,0303 社会学,云南大学,前30%
2023,0303 社会学,华中农业大学,前30%
2023,0303 社会学,济南大学,前30%
2023,0303 社会学,西南大学,前30%
2023,0303 社会学,贵州民族大学,前40%
2023,0303 社会学,河海大学,前40%
2023,0303 社会学,南京邮电大学,前40%
2023,0304 民族学,中央民族大学,前2名
2023,0304 民族学,云南大学,前2名
2023,0304 民族学,西南民族大学,前3名
2023,0304 民族学,宁夏大学,前12%
2023,0304 民族学,中南民族大学,前20%
2023,0304 民族学,广西民族大学,前20%
2023,0304 民族学,云南民族大学,前20%
2023,0304 民族学,四川大学,前30%
2023,0304 民族学,兰州大学,前30%
2023,0304 民族学,西藏大学,前30%
2023,0304 民族学,三峡大学,前30%
2023,0304 民族学,内蒙古师范大学,前40%
2023,0304 民族学,内蒙古大学,前40%
2023,0304 民族学,新疆大学,前40%
2023,0304 民族学,青海民族大学,前40%
2023,0304 民族学,北方民族大学,前50%
2023,0304 民族学,贵州民族大学,前50%
2023,0304 民族学,西藏民族大学,前50%
2023,0304 民族学,吉首大学,前50%
2023,0401 教育学,北京师范大学,前3%
2023,0401 教育学,华东师范大学,前3%
2023,0401 教育学,华中师范大学,前3%
2023,0401 教育学,东北师范大学,前3%
2023,0401 教育学,西南大学,前7%
2023,0401 教育学,南京师范大学,前7%
2023,0401 教育学,华南师范大学,前7%
2023,0401 教育学,浙江大学,前7%
2023,0401 教育学,厦门大学,前7%
2023,0401 教育学,陕西师范大学,前7%
2023,0401 教育学,浙江师范大学,前12%
2023,0401 教育学,北京大学,前12%
2023,0401 教育学,首都师范大学,前12%
2023,0401 教育学,清华大学,前12%
2023,0401 教育学,广西师范大学,前12%
2023,0401 教育学,曲阜师范大学,前12%
2023,0401 教育学,上海师范大学,前12%
2023,0401 教育学,华中科技大学,前20%
2023,0401 教育学,宁波大学,前20%
2023,0401 教育学,天津师范大学,前20%
2023,0401 教育学,杭州师范大学,前20%
2023,0401 教育学,江西师范大学,前20%
2023,0401 教育学,上海交通大学,前20%
2023,0401 教育学,河南大学,前20%
2023,0401 教育学,山东师范大学,前20%
2023,0401 教育学,湖南师范大学,前20%
2023,0401 教育学,西北师范大学,前20%
2023,0401 教育学,江苏师范大学,前20%
2023,0401 教育学,福建师范大学,前20%
2023,0401 教育学,云南师范大学,前30%
2023,0402 心理学,北京师范大学,前3%
2023,0402 心理学,华南师范大学,前3%
2023,0402 心理学,北京大学,前3%
2023,0402 心理学,西南大学,前7%
2023,0402 心理学,华中师范大学,前7%
2023,0402 心理学,华东师范大学,前7%
2023,0402 心理学,天津师范大学,前7%
2023,0402 心理学,浙江大学,前12%
2023,0402 心理学,南京师范大学,前12%
2023,0402 心理学,陕西师范大学,前12%
2023,0402 心理学,山东师范大学,前12%
2023,0402 心理学,中国人民大学,前12%
2023,0402 心理学,上海交通大学,前12%
2023,0402 心理学,辽宁师范大学,前20%
2023,0402 心理学,清华大学,前20%
2023,0402 心理学,上海师范大学,前20%
2023,0402 心理学,杭州师范大学,前20%
2023,0402 心理学,浙江师范大学,前20%
2023,0402 心理学,深圳大学,前20%
2023,0402 心理学,江西师范大学,前20%
2023,0402 心理学,中山大学,前20%
2023,0402 心理学,首都师范大学,前20%
2023,0402 心理学,福建师范大学,前30%
2023,0402 心理学,广州大学,前30%
2023,0402 心理学,湖南师范大学,前30%
2023,0402 心理学,苏州大学,前30%
2023,0402 心理学,宁波大学,前30%
2023,0402 心理学,复旦大学,前30%
2023,0402 心理学,武汉大学,前30%
2023,0402 心理学,东北师范大学,前30%
2023,0501 中国语言文学,北京师范大学,前3%
2023,0501 中国语言文学,北京大学,前3%
2023,0501 中国语言文学,复旦大学,前3%
2023,0501 中国语言文学,南京大学,前3%
2023,0501 中国语言文学,华东师范大学,前3%
2023,0501 中国语言文学,北京语言大学,前7%
2023,0501 中国语言文学,四川大学,前7%
2023,0501 中国语言文学,陕西师范大学,前7%
2023,0501 中国语言文学,山东大学,前7%
2023,0501 中国语言文学,浙江大学,前7%
2023,0501 中国语言文学,中山大学,前7%
2023,0501 中国语言文学,中国人民大学,前7%
2023,0501 中国语言文学,武汉大学,前7%
2023,0501 中国语言文学,南开大学,前12%
2023,0501 中国语言文学,暨南大学,前12%
2023,0501 中国语言文学,中央民族大学,前12%
2023,0501 中国语言文学,上海师范大学,前12%
2023,0501 中国语言文学,福建师范大学,前12%
2023,0501 中国语言文学,浙江师范大学,前12%
2023,0501 中国语言文学,华中师范大学,前12%
2023,0501 中国语言文学,江苏师范大学,前12%
2023,0501 中国语言文学,内蒙古大学,前12%
2023,0501 中国语言文学,湖南师范大学,前20%
2023,0501 中国语言文学,西南大学,前20%
2023,0501 中国语言文学,首都师范大学,前20%
2023,0501 中国语言文学,苏州大学,前20%
2023,0501 中国语言文学,河南大学,前20%
2023,0501 中国语言文学,南京师范大学,前20%
2023,0501 中国语言文学,上海大学,前20%
2023,0501 中国语言文学,山东师范大学,前20%
2023,0502 外国语言文学,北京外国语大学,前3%
2023,0502 外国语言文学,上海外国语大学,前3%
2023,0502 外国语言文学,广东外语外贸大学,前3%
2023,0502 外国语言文学,浙江大学,前3%
2023,0502 外国语言文学,北京大学,前3%
2023,0502 外国语言文学,南京大学,前3%
2023,0502 外国语言文学,上海交通大学,前3%
2023,0502 外国语言文学,延边大学,前7%
2023,0502 外国语言文学,杭州师范大学,前7%
2023,0502 外国语言文学,黑龙江大学,前7%
2023,0502 外国语言文学,四川外国语大学,前7%
2023,0502 外国语言文学,湖南师范大学,前7%
2023,0502 外国语言文学,北京航空航天大学,前7%
2023,0502 外国语言文学,复旦大学,前7%
2023,0502 外国语言文学,华中师范大学,前7%
2023,0502 外国语言文学,同济大学,前7%
2023,0502 外国语言文学,西安外国语大学,前12%
2023,0502 外国语言文学,厦门大学,前12%
2023,0502 外国语言文学,山东大学,前12%
2023,0502 外国语言文学,南京师范大学,前12%
2023,0502 外国语言文学,中山大学,前12%
2023,0502 外国语言文学,大连外国语大学,前12%
2023,0502 外国语言文学,北京语言大学,前12%
2023,0502 外国语言文学,北京第二外国语学院,前12%
2023,0502 外国语言文学,南开大学,前12%
2023,0502 外国语言文学,对外经济贸易大学,前12%
2023,0502 外国语言文学,吉林大学,前12%
2023,0502 外国语言文学,北京师范大学,前12%
2023,0502 外国语言文学,苏州大学,前20%
2023,0502 外国语言文学,宁夏大学,前20%
2023,0601 考古学,北京大学,前2名
2023,0601 考古学,四川大学,前2名
2023,0601 考古学,西北大学,前3名
2023,0601 考古学,吉林大学,前12%
2023,0601 考古学,山东大学,前20%
2023,0601 考古学,中国人民大学,前20%
2023,0601 考古学,复旦大学,前20%
2023,0601 考古学,武汉大学,前30%
2023,0601 考古学,郑州大学,前30%
2023,0601 考古学,山西大学,前30%
2023,0601 考古学,浙江大学,前30%
2023,0601 考古学,河南大学,前40%
2023,0601 考古学,中山大学,前40%
2023,0601 考古学,兰州大学,前40%
2023,0601 考古学,厦门大学,前40%
2023,0601 考古学,南开大学,前50%
2023,0601 考古学,北京师范大学,前50%
2023,0601 考古学,安徽大学,前50%
2023,0601 考古学,首都师范大学,前50%
2023,0602 中国史,复旦大学,前3%
2023,0602 中国史,北京大学,前3%
2023,0602 中国史,北京师范大学,前3%
2023,0602 中国史,中国人民大学,前7%
2023,0602 中国史,武汉大学,前7%
2023,0602 中国史,南开大学,前7%
2023,0602 中国史,南京大学,前7%
2023,0602 中国史,中山大学,前7%
2023,0602 中国史,四川大学,前12%
2023,0602 中国史,陕西师范大学,前12%
2023,0602 中国史,西北大学,前12%
2023,0602 中国史,清华大学,前12%
2023,0602 中国史,河南大学,前12%
2023,0602 中国史,华中师范大学,前12%
2023,0602 中国史,云南大学,前20%
2023,0602 中国史,山东大学,前20%
2023,0602 中国史,首都师范大学,前20%
2023,0602 中国史,湖南师范大学,前20%
2023,0602 中国史,华东师范大学,前20%
2023,0602 中国史,上海师范大学,前20%
2023,0602 中国史,浙江大学,前20%
2023,0602 中国史,厦门大学,前20%
2023,0602 中国史,暨南大学,前20%
2023,0602 中国史,东北师范大学,前30%
2023,0602 中国史,河北师范大学,前30%
2023,0602 中国史,兰州大学,前30%
2023,0602 中国史,山西大学,前30%
2023,0602 中国史,安徽师范大学,前30%
2023,0602 中国史,西北师范大学,前30%
2023,0602 中国史,西南大学,前30%
2023,0603 世界史,东北师范大学,前3%
2023,0603 世界史,北京大学,前3%
2023,0603 世界史,南开大学,前7%
2023,0603 世界史,华东师范大学,前7%
2023,0603 世界史,上海师范大学,前12%
2023,0603 世界史,西北大学,前12%
2023,0603 世界史,上海大学,前12%
2023,0603 世界史,北京师范大学,前12%
2023,0603 世界史,首都师范大学,前20%
2023,0603 世界史,复旦大学,前20%
2023,0603 世界史,武汉大学,前20%
2023,0603 世界史,南京大学,前20%
2023,0603 世界史,陕西师范大学,前20%
2023,0603 世界史,中山大学,前30%
2023,0603 世界史,天津师范大学,前30%
2023,0603 世界史,四川大学,前30%
2023,0603 世界史,浙江大学,前30%
2023,0603 世界史,厦门大学,前30%
2023,0603 世界史,清华大学,前30%
2023,0603 世界史,中国人民大学,前30%
2023,0603 世界史,云南大学,前40%
2023,0603 世界史,浙江师范大学,前40%
2023,0603 世界史,福建师范大学,前40%
2023,0603 世界史,山西师范大学,前40%
2023,0603 世界史,华中师范大学,前40%
2023,0603 世界史,吉林大学,前40%
2023,0603 世界史,暨南大学,前40%
2023,0603 世界史,哈尔滨师范大学,前50%
2023,0603 世界史,山东师范大学,前50%
2023,0603 世界史,西南大学,前50%
2023,0702 物理学,中国科学技术大学,前3%
2023,0702 物理学,北京大学,前3%
2023,0702 物理学,清华大学,前3%
2023,0702 物理学,南京大学,前3%
2023,0702 物理学,上海交通大学,前3%
2023,0702 物理学,复旦大学,前3%
2023,0702 物理学,吉林大学,前7%
2023,0702 物理学,华中科技大学,前7%
2023,0702 物理学,浙江大学,前7%
2023,0702 物理学,中山大学,前7%
2023,0702 物理学,山西大学,前7%
2023,0702 物理学,山东大学,前7%
2023,0702 物理学,北京航空航天大学,前7%
2023,0702 物理学,华东师范大学,前7%
2023,0702 物理学,南开大学,前12%
2023,0702 物理学,南方科技大学,前12%
2023,0702 物理学,武汉大学,前12%
2023,0702 物理学,西安交通大学,前12%
2023,0702 物理学,华南师范大学,前12%
2023,0702 物理学,同济大学,前12%
2023,0702 物理学,北京理工大学,前12%
2023,0702 物理学,兰州大学,前12%
2023,0702 物理学,苏州大学,前12%
2023,0702 物理学,厦门大学,前12%
2023,0702 物理学,哈尔滨工业大学,前20%
2023,0702 物理学,华中师范大学,前20%
2023,0702 物理学,湖南大学,前20%
2023,0702 物理学,大连理工大学,前20%
2023,0702 物理学,郑州大学,前20%
2023,0702 物理学,东南大学,前20%
2023,0703 化学,北京大学,前3%
2023,0703 化学,中国科学技术大学,前3%
2023,0703 化学,复旦大学,前3%
2023,0703 化学,南开大学,前3%
2023,0703 化学,厦门大学,前3%
2023,0703 化学,清华大学,前3%
2023,0703 化学,南京大学,前3%
2023,0703 化学,吉林大学,前7%
2023,0703 化学,四川大学,前7%
2023,0703 化学,上海交通大学,前7%
2023,0703 化学,浙江大学,前7%
2023,0703 化学,武汉大学,前7%
2023,0703 化学,兰州大学,前7%
2023,0703 化学,中山大学,前7%
2023,0703 化学,湖南大学,前7%
2023,0703 化学,福州大学,前7%
2023,0703 化学,天津大学,前7%
2023,0703 化学,苏州大学,前12%
2023,0703 化学,北京化工大学,前12%
2023,0703 化学,北京师范大学,前12%
2023,0703 化学,华东理工大学,前12%
2023,0703 化学,华南理工大学,前12%
2023,0703 化学,山东大学,前12%
2023,0703 化学,郑州大学,前12%
2023,0703 化学,南方科技大学,前12%
2023,0703 化学,北京理工大学,前12%
2023,0703 化学,华中科技大学,前12%
2023,0703 化学,大连理工大学,前12%
2023,0703 化学,华东师范大学,前12%
2023,0703 化学,深圳大学,前20%
2023,0704 天文学,南京大学,前2名
2023,0704 天文学,中国科学技术大学,前2名
2023,0704 天文学,北京大学,前3名
2023,0704 天文学,中山大学,前4名
2023,0704 天文学,上海交通大学,前30%
2023,0704 天文学,清华大学,前30%
2023,0704 天文学,北京师范大学,前40%
2023,0704 天文学,云南大学,前40%
2023,0704 天文学,广州大学,前50%
2023,0704 天文学,武汉大学,前50%
2023,0705 地理学,北京师范大学,前3%
2023,0705 地理学,北京大学,前3%
2023,0705 地理学,华东师范大学,前7%
2023,0705 地理学,兰州大学,前7%
2023,0705 地理学,南京师范大学,前7%
2023,0705 地理学,武汉大学,前7%
2023,0705 地理学,南京大学,前12%
2023,0705 地理学,中国地质大学（武汉）,前12%
2023,0705 地理学,中山大学,前12%
2023,0705 地理学,福建师范大学,前12%
2023,0705 地理学,广州大学,前20%
2023,0705 地理学,陕西师范大学,前20%
2023,0705 地理学,东北师范大学,前20%
2023,0705 地理学,贵州师范大学,前20%
2023,0705 地理学,首都师范大学,前20%
2023,0705 地理学,河南大学,前20%
2023,0705 地理学,华南师范大学,前20%
2023,0705 地理学,南宁师范大学,前20%
2023,0705 地理学,新疆大学,前30%
2023,0705 地理学,云南大学,前30%
2023,0705 地理学,安徽师范大学,前30%
2023,0705 地理学,福州大学,前30%
2023,0705 地理学,江西师范大学,前30%
2023,0705 地理学,天津大学,前30%
2023,0705 地理学,云南师范大学,前30%
2023,0705 地理学,华中师范大学,前30%
2023,0705 地理学,西北大学,前40%
2023,0705 地理学,南京信息工程大学,前40%
2023,0705 地理学,鲁东大学,前40%
2023,0705 地理学,西南大学,前40%
2023,0706 大气科学,南京信息工程大学,前2名
2023,0706 大气科学,南京大学,前2名
2023,0706 大气科学,中山大学,前3名
2023,0706 大气科学,兰州大学,前4名
2023,0706 大气科学,复旦大学,前30%
2023,0706 大气科学,北京大学,前30%
2023,0706 大气科学,中国海洋大学,前40%
2023,0706 大气科学,清华大学,前40%
2023,0706 大气科学,成都信息工程大学,前50%
2023,0706 大气科学,中国人民解放军国防科技大学,前50%
2023,0707 海洋科学,中国海洋大学,前1%
2023,0707 海洋科学,厦门大学,前1%
2023,0707 海洋科学,同济大学,前5%
2023,0707 海洋科学,中山大学,前10%
2023,0707 海洋科学,上海交通大学,前20%
2023,0707 海洋科学,天津大学,前20%
2023,0707 海洋科学,浙江海洋大学,前30%
2023,0707 海洋科学,河海大学,前30%
2023,0707 海洋科学,哈尔滨工程大学,前30%
2023,0707 海洋科学,华东师范大学,前40%
2023,0707 海洋科学,上海海洋大学,前40%
2023,0707 海洋科学,山东大学,前40%
2023,0707 海洋科学,广东海洋大学,前50%
2023,0707 海洋科学,海南大学,前50%
2023,0707 海洋科学,中国地质大学（武汉）,前50%
2023,0707 海洋科学,南京信息工程大学,前50%
2023,0708 地球物理学,中国科学技术大学,前2名
2023,0708 地球物理学,武汉大学,前2名
2023,0708 地球物理学,北京大学,前3名
2023,0708 地球物理学,南方科技大学,前4名
2023,0708 地球物理学,中国地质大学（武汉）,前30%
2023,0708 地球物理学,中国石油大学（北京）,前30%
2023,0708 地球物理学,吉林大学,前40%
2023,0708 地球物理学,中山大学,前40%
2023,0708 地球物理学,中国地质大学（北京）,前50%
2023,0708 地球物理学,同济大学,前50%
2023,0709 地质学,中国地质大学（武汉）,前2名
2023,0709 地质学,南京大学,前2名
2023,0709 地质学,中国地质大学（北京）,前3名
2023,0709 地质学,西北大学,前12%
2023,0709 地质学,北京大学,前20%
2023,0709 地质学,中国科学技术大学,前20%
2023,0709 地质学,成都理工大学,前20%
2023,0709 地质学,中山大学,前30%
2023,0709 地质学,浙江大学,前30%
2023,0709 地质学,吉林大学,前30%
2023,0709 地质学,云南大学,前30%
2023,0709 地质学,中国石油大学（北京）,前40%
2023,0709 地质学,兰州大学,前40%
2023,0709 地质学,中南大学,前40%
2023,0709 地质学,合肥工业大学,前50%
2023,0709 地质学,东华理工大学,前50%
2023,0709 地质学,河北地质大学,前50%
2023,0710 生物学,北京大学,前3%
2023,0710 生物学,复旦大学,前3%
2023,0710 生物学,上海交通大学,前3%
2023,0710 生物学,清华大学,前3%
2023,0710 生物学,浙江大学,前3%
2023,0710 生物学,中国科学技术大学,前3%
2023,0710 生物学,厦门大学,前3%
2023,0710 生物学,中山大学,前7%
2023,0710 生物学,武汉大学,前7%
2023,0710 生物学,山东大学,前7%
2023,0710 生物学,北京协和医学院,前7%
2023,0710 生物学,中国农业大学,前7%
2023,0710 生物学,同济大学,前7%
2023,0710 生物学,南京大学,前7%
2023,0710 生物学,四川大学,前7%
2023,0710 生物学,华中科技大学,前7%
2023,0710 生物学,华中农业大学,前12%
2023,0710 生物学,南开大学,前12%
2023,0710 生物学,兰州大学,前12%
2023,0710 生物学,中国海洋大学,前12%
2023,0710 生物学,西北农林科技大学,前12%
2023,0710 生物学,南京农业大学,前12%
2023,0710 生物学,吉林大学,前12%
2023,0710 生物学,湖南师范大学,前12%
2023,0710 生物学,暨南大学,前12%
2023,0710 生物学,华东师范大学,前12%
2023,0710 生物学,云南大学,前12%
2023,0710 生物学,南方科技大学,前12%
2023,0710 生物学,南方医科大学,前20%
2023,0710 生物学,东北师范大学,前20%
2023,0711 系统科学,北京交通大学,前2名
2023,0711 系统科学,青岛大学,前2名
2023,0711 系统科学,北京师范大学,前3名
2023,0711 系统科学,北京邮电大学,前4名
2023,0711 系统科学,中国人民解放军国防科技大学,前4名
2023,0711 系统科学,东南大学,前20%
2023,0711 系统科学,山东科技大学,前30%
2023,0711 系统科学,电子科技大学,前30%
2023,0711 系统科学,上海理工大学,前40%
2023,0711 系统科学,中山大学,前40%
2023,0711 系统科学,西南交通大学,前40%
2023,0711 系统科学,重庆邮电大学,前50%
2023,0711 系统科学,重庆交通大学,前50%
2023,0711 系统科学,武汉理工大学,前50%
2023,0711 系统科学,重庆师范大学,前50%
2023,0712 科学技术史,北京科技大学,前2名
2023,0712 科学技术史,中国科学技术大学,前2名
2023,0712 科学技术史,内蒙古师范大学,前3名
2023,0712 科学技术史,北京大学,前4名
2023,0712 科学技术史,上海交通大学,前4名
2023,0712 科学技术史,南京农业大学,前30%
2023,0712 科学技术史,山西大学,前30%
2023,0712 科学技术史,清华大学,前40%
2023,0712 科学技术史,西北大学,前40%
2023,0712 科学技术史,南京信息工程大学,前40%
2023,0712 科学技术史,华南农业大学,前50%
2023,0712 科学技术史,广西民族大学,前50%
2023,0712 科学技术史,东华大学,前50%
2023,0713 生态学,兰州大学,前3%
2023,0713 生态学,北京大学,前3%
2023,0713 生态学,云南大学,前3%
2023,0713 生态学,复旦大学,前7%
2023,0713 生态学,北京师范大学,前7%
2023,0713 生态学,华东师范大学,前7%
2023,0713 生态学,中山大学,前7%
2023,0713 生态学,清华大学,前12%
2023,0713 生态学,北京林业大学,前12%
2023,0713 生态学,东北师范大学,前12%
2023,0713 生态学,厦门大学,前12%
2023,0713 生态学,上海交通大学,前12%
2023,0713 生态学,福建师范大学,前12%
2023,0713 生态学,东北林业大学,前20%
2023,0713 生态学,浙江大学,前20%
2023,0713 生态学,中国农业大学,前20%
2023,0713 生态学,暨南大学,前20%
2023,0713 生态学,西北工业大学,前20%
2023,0713 生态学,西藏大学,前20%
2023,0713 生态学,福建农林大学,前20%
2023,0713 生态学,华中农业大学,前20%
2023,0713 生态学,南京农业大学,前20%
2023,0713 生态学,西南大学,前30%
2023,0713 生态学,南京大学,前30%
2023,0713 生态学,青海大学,前30%
2023,0713 生态学,武汉大学,前30%
2023,0713 生态学,内蒙古大学,前30%
2023,0713 生态学,河南大学,前30%
2023,0713 生态学,南京林业大学,前30%
2023,0713 生态学,四川大学,前30%
2023,0714 统计学,北京大学,前3%
2023,0714 统计学,华东师范大学,前3%
2023,0714 统计学,中国人民大学,前3%
2023,0714 统计学,东北师范大学,前7%
2023,0714 统计学,西南财经大学,前7%
2023,0714 统计学,浙江工商大学,前7%
2023,0714 统计学,北京师范大学,前7%
2023,0714 统计学,南开大学,前7%
2023,0714 统计学,厦门大学,前7%
2023,0714 统计学,江西财经大学,前12%
2023,0714 统计学,复旦大学,前12%
2023,0714 统计学,上海财经大学,前12%
2023,0714 统计学,中国科学技术大学,前12%
2023,0714 统计学,清华大学,前12%
2023,0714 统计学,东北财经大学,前12%
2023,0714 统计学,中山大学,前20%
2023,0714 统计学,浙江财经大学,前20%
2023,0714 统计学,云南大学,前20%
2023,0714 统计学,中南财经政法大学,前20%
2023,0714 统计学,安徽财经大学,前20%
2023,0714 统计学,吉林大学,前20%
2023,0714 统计学,中南大学,前20%
2023,0714 统计学,北京交通大学,前20%
2023,0714 统计学,广州大学,前20%
2023,0714 统计学,南京财经大学,前20%
2023,0714 统计学,武汉大学,前20%
2023,0714 统计学,中央财经大学,前20%
2023,0714 统计学,华中师范大学,前30%
2023,0714 统计学,南京审计大学,前30%
2023,0714 统计学,北京理工大学,前30%
2023,0801 力学,北京大学,前3%
2023,0801 力学,清华大学,前3%
2023,0801 力学,哈尔滨工业大学,前7%
2023,0801 力学,大连理工大学,前7%
2023,0801 力学,北京理工大学,前7%
2023,0801 力学,北京航空航天大学,前7%
2023,0801 力学,西安交通大学,前12%
2023,0801 力学,南京航空航天大学,前12%
2023,0801 力学,西北工业大学,前12%
2023,0801 力学,浙江大学,前12%
2023,0801 力学,上海交通大学,前12%
2023,0801 力学,天津大学,前20%
2023,0801 力学,中国科学技术大学,前20%
2023,0801 力学,兰州大学,前20%
2023,0801 力学,南方科技大学,前20%
2023,0801 力学,上海大学,前20%
2023,0801 力学,同济大学,前20%
2023,0801 力学,华中科技大学,前20%
2023,0801 力学,西南交通大学,前20%
2023,0801 力学,河海大学,前30%
2023,0801 力学,四川大学,前30%
2023,0801 力学,重庆大学,前30%
2023,0801 力学,哈尔滨工程大学,前30%
2023,0801 力学,宁波大学,前30%
2023,0801 力学,中国矿业大学,前30%
2023,0801 力学,东南大学,前30%
2023,0801 力学,中山大学,前30%
2023,0801 力学,东北大学,前30%
2023,0801 力学,中南大学,前30%
2023,0801 力学,湖南大学,前40%
2023,0803 光学工程,华中科技大学,前3%
2023,0803 光学工程,浙江大学,前3%
2023,0803 光学工程,天津大学,前7%
2023,0803 光学工程,北京理工大学,前7%
2023,0803 光学工程,南京理工大学,前7%
2023,0803 光学工程,清华大学,前7%
2023,0803 光学工程,电子科技大学,前12%
2023,0803 光学工程,深圳大学,前12%
2023,0803 光学工程,哈尔滨工业大学,前12%
2023,0803 光学工程,南开大学,前12%
2023,0803 光学工程,长春理工大学,前12%
2023,0803 光学工程,中国人民解放军国防科技大学,前20%
2023,0803 光学工程,暨南大学,前20%
2023,0803 光学工程,北京航空航天大学,前20%
2023,0803 光学工程,南京大学,前20%
2023,0803 光学工程,苏州大学,前20%
2023,0803 光学工程,上海理工大学,前20%
2023,0803 光学工程,北京邮电大学,前20%
2023,0803 光学工程,东南大学,前20%
2023,0803 光学工程,西安工业大学,前30%
2023,0803 光学工程,西北工业大学,前30%
2023,0803 光学工程,中国科学技术大学,前30%
2023,0803 光学工程,中山大学,前30%
2023,0803 光学工程,西安电子科技大学,前30%
2023,0803 光学工程,重庆大学,前30%
2023,0803 光学工程,复旦大学,前30%
2023,0803 光学工程,南京邮电大学,前30%
2023,0803 光学工程,哈尔滨工程大学,前30%
2023,0803 光学工程,太原理工大学,前30%
2023,0803 光学工程,河北大学,前40%
2023,0804 仪器科学与技术,北京航空航天大学,前3%
2023,0804 仪器科学与技术,哈尔滨工业大学,前3%
2023,0804 仪器科学与技术,清华大学,前7%
2023,0804 仪器科学与技术,天津大学,前7%
2023,0804 仪器科学与技术,东南大学,前7%
2023,0804 仪器科学与技术,重庆大学,前12%
2023,0804 仪器科学与技术,西安交通大学,前12%
2023,0804 仪器科学与技术,北京理工大学,前12%
2023,0804 仪器科学与技术,吉林大学,前12%
2023,0804 仪器科学与技术,上海交通大学,前20%
2023,0804 仪器科学与技术,电子科技大学,前20%
2023,0804 仪器科学与技术,中北大学,前20%
2023,0804 仪器科学与技术,中国计量大学,前20%
2023,0804 仪器科学与技术,北京信息科技大学,前20%
2023,0804 仪器科学与技术,西安电子科技大学,前20%
2023,0804 仪器科学与技术,南京航空航天大学,前30%
2023,0804 仪器科学与技术,合肥工业大学,前30%
2023,0804 仪器科学与技术,中国科学技术大学,前30%
2023,0804 仪器科学与技术,中国人民解放军国防科技大学,前30%
2023,0804 仪器科学与技术,南京理工大学,前30%
2023,0804 仪器科学与技术,桂林电子科技大学,前30%
2023,0804 仪器科学与技术,武汉大学,前30%
2023,0804 仪器科学与技术,大连理工大学,前40%
2023,0804 仪器科学与技术,北京科技大学,前40%
2023,0804 仪器科学与技术,河北大学,前40%
2023,0804 仪器科学与技术,西安理工大学,前40%
2023,0804 仪器科学与技术,江苏大学,前40%
2023,0804 仪器科学与技术,四川大学,前40%
2023,0804 仪器科学与技术,厦门大学,前40%
2023,0804 仪器科学与技术,上海理工大学,前40%
2023,0806 冶金工程,北京科技大学,前2名
2023,0806 冶金工程,中南大学,前2名
2023,0806 冶金工程,东北大学,前3名
2023,0806 冶金工程,昆明理工大学,前4名
2023,0806 冶金工程,上海大学,前20%
2023,0806 冶金工程,重庆大学,前30%
2023,0806 冶金工程,江西理工大学,前30%
2023,0806 冶金工程,安徽工业大学,前40%
2023,0806 冶金工程,武汉科技大学,前40%
2023,0806 冶金工程,华北理工大学,前40%
2023,0806 冶金工程,内蒙古科技大学,前50%
2023,0806 冶金工程,郑州大学,前50%
2023,0807 动力工程及工程热物理,西安交通大学,前3%
2023,0807 动力工程及工程热物理,浙江大学,前3%
2023,0807 动力工程及工程热物理,清华大学,前3%
2023,0807 动力工程及工程热物理,华中科技大学,前7%
2023,0807 动力工程及工程热物理,上海交通大学,前7%
2023,0807 动力工程及工程热物理,华北电力大学,前7%
2023,0807 动力工程及工程热物理,天津大学,前7%
2023,0807 动力工程及工程热物理,哈尔滨工业大学,前12%
2023,0807 动力工程及工程热物理,大连理工大学,前12%
2023,0807 动力工程及工程热物理,东南大学,前12%
2023,0807 动力工程及工程热物理,江苏大学,前12%
2023,0807 动力工程及工程热物理,重庆大学,前12%
2023,0807 动力工程及工程热物理,北京航空航天大学,前20%
2023,0807 动力工程及工程热物理,中国科学技术大学,前20%
2023,0807 动力工程及工程热物理,北京理工大学,前20%
2023,0807 动力工程及工程热物理,哈尔滨工程大学,前20%
2023,0807 动力工程及工程热物理,华东理工大学,前20%
2023,0807 动力工程及工程热物理,南京工业大学,前20%
2023,0807 动力工程及工程热物理,北京科技大学,前20%
2023,0807 动力工程及工程热物理,上海理工大学,前20%
2023,0807 动力工程及工程热物理,南京理工大学,前20%
2023,0807 动力工程及工程热物理,西北工业大学,前30%
2023,0807 动力工程及工程热物理,同济大学,前30%
2023,0807 动力工程及工程热物理,南京航空航天大学,前30%
2023,0807 动力工程及工程热物理,山东大学,前30%
2023,0807 动力工程及工程热物理,中国石油大学（华东）,前30%
2023,0807 动力工程及工程热物理,东北电力大学,前30%
2023,0807 动力工程及工程热物理,中南大学,前30%
2023,0807 动力工程及工程热物理,武汉大学,前30%
2023,0807 动力工程及工程热物理,吉林大学,前30%
2023,0808 电气工程,清华大学,前3%
2023,0808 电气工程,西安交通大学,前3%
2023,0808 电气工程,华中科技大学,前3%
2023,0808 电气工程,华北电力大学,前7%
2023,0808 电气工程,湖南大学,前7%
2023,0808 电气工程,浙江大学,前7%
2023,0808 电气工程,哈尔滨工业大学,前7%
2023,0808 电气工程,东南大学,前7%
2023,0808 电气工程,重庆大学,前12%
2023,0808 电气工程,天津大学,前12%
2023,0808 电气工程,南京航空航天大学,前12%
2023,0808 电气工程,上海交通大学,前12%
2023,0808 电气工程,中国人民解放军海军工程大学,前12%
2023,0808 电气工程,西南交通大学,前20%
2023,0808 电气工程,武汉大学,前20%
2023,0808 电气工程,山东大学,前20%
2023,0808 电气工程,北京航空航天大学,前20%
2023,0808 电气工程,合肥工业大学,前20%
2023,0808 电气工程,华南理工大学,前20%
2023,0808 电气工程,东北电力大学,前20%
2023,0808 电气工程,河北工业大学,前20%
2023,0808 电气工程,北京交通大学,前20%
2023,0808 电气工程,西北工业大学,前20%
2023,0808 电气工程,武汉理工大学,前30%
2023,0808 电气工程,哈尔滨理工大学,前30%
2023,0808 电气工程,四川大学,前30%
2023,0808 电气工程,长沙理工大学,前30%
2023,0808 电气工程,河海大学,前30%
2023,0808 电气工程,东北大学,前30%
2023,0808 电气工程,沈阳工业大学,前30%
2023,0810 信息与通信工程,西安电子科技大学,前3%
2023,0810 信息与通信工程,北京邮电大学,前3%
2023,0810 信息与通信工程,电子科技大学,前3%
2023,0810 信息与通信工程,北京理工大学,前3%
2023,0810 信息与通信工程,清华大学,前3%
2023,0810 信息与通信工程,东南大学,前7%
2023,0810 信息与通信工程,北京交通大学,前7%
2023,0810 信息与通信工程,上海交通大学,前7%
2023,0810 信息与通信工程,哈尔滨工业大学,前7%
2023,0810 信息与通信工程,南京邮电大学,前7%
2023,0810 信息与通信工程,中国人民解放军国防科技大学,前7%
2023,0810 信息与通信工程,华中科技大学,前7%
2023,0810 信息与通信工程,北京航空航天大学,前7%
2023,0810 信息与通信工程,南京航空航天大学,前12%
2023,0810 信息与通信工程,深圳大学,前12%
2023,0810 信息与通信工程,中国科学技术大学,前12%
2023,0810 信息与通信工程,浙江大学,前12%
2023,0810 信息与通信工程,西北工业大学,前12%
2023,0810 信息与通信工程,重庆邮电大学,前12%
2023,0810 信息与通信工程,西南交通大学,前12%
2023,0810 信息与通信工程,华南理工大学,前12%
2023,0810 信息与通信工程,西安交通大学,前12%
2023,0810 信息与通信工程,北京大学,前12%
2023,0810 信息与通信工程,广东工业大学,前20%
2023,0810 信息与通信工程,中山大学,前20%
2023,0810 信息与通信工程,哈尔滨工程大学,前20%
2023,0810 信息与通信工程,武汉大学,前20%
2023,0810 信息与通信工程,上海大学,前20%
2023,0810 信息与通信工程,南京信息工程大学,前20%
2023,0810 信息与通信工程,南京理工大学,前20%
2023,0811 控制科学与工程,东北大学,前3%
2023,0811 控制科学与工程,清华大学,前3%
2023,0811 控制科学与工程,北京航空航天大学,前3%
2023,0811 控制科学与工程,北京理工大学,前3%
2023,0811 控制科学与工程,哈尔滨工业大学,前3%
2023,0811 控制科学与工程,浙江大学,前7%
2023,0811 控制科学与工程,上海交通大学,前7%
2023,0811 控制科学与工程,西安交通大学,前7%
2023,0811 控制科学与工程,华中科技大学,前7%
2023,0811 控制科学与工程,中南大学,前7%
2023,0811 控制科学与工程,山东大学,前7%
2023,0811 控制科学与工程,南京理工大学,前7%
2023,0811 控制科学与工程,广东工业大学,前7%
2023,0811 控制科学与工程,哈尔滨工程大学,前12%
2023,0811 控制科学与工程,湖南大学,前12%
2023,0811 控制科学与工程,同济大学,前12%
2023,0811 控制科学与工程,华东理工大学,前12%
2023,0811 控制科学与工程,西北工业大学,前12%
2023,0811 控制科学与工程,大连理工大学,前12%
2023,0811 控制科学与工程,南京航空航天大学,前12%
2023,0811 控制科学与工程,东南大学,前12%
2023,0811 控制科学与工程,山东科技大学,前12%
2023,0811 控制科学与工程,北京工业大学,前12%
2023,0811 控制科学与工程,北京科技大学,前20%
2023,0811 控制科学与工程,中国人民解放军国防科技大学,前20%
2023,0811 控制科学与工程,西安电子科技大学,前20%
2023,0811 控制科学与工程,天津大学,前20%
2023,0811 控制科学与工程,杭州电子科技大学,前20%
2023,0811 控制科学与工程,上海大学,前20%
2023,0811 控制科学与工程,中国科学技术大学,前20%
2023,0813 建筑学,清华大学,前3%
2023,0813 建筑学,东南大学,前3%
2023,0813 建筑学,西安建筑科技大学,前7%
2023,0813 建筑学,同济大学,前7%
2023,0813 建筑学,华南理工大学,前7%
2023,0813 建筑学,天津大学,前12%
2023,0813 建筑学,深圳大学,前12%
2023,0813 建筑学,哈尔滨工业大学,前12%
2023,0813 建筑学,北京建筑大学,前12%
2023,0813 建筑学,重庆大学,前12%
2023,0813 建筑学,湖南大学,前20%
2023,0813 建筑学,上海交通大学,前20%
2023,0813 建筑学,南京大学,前20%
2023,0813 建筑学,浙江大学,前20%
2023,0813 建筑学,山东建筑大学,前20%
2023,0813 建筑学,武汉大学,前20%
2023,0813 建筑学,华中科技大学,前20%
2023,0813 建筑学,沈阳建筑大学,前30%
2023,0813 建筑学,内蒙古工业大学,前30%
2023,0813 建筑学,南京工业大学,前30%
2023,0813 建筑学,厦门大学,前30%
2023,0813 建筑学,大连理工大学,前30%
2023,0813 建筑学,华侨大学,前30%
2023,0813 建筑学,昆明理工大学,前30%
2023,0813 建筑学,青岛理工大学,前30%
2023,0813 建筑学,北京工业大学,前40%
2023,0813 建筑学,西安交通大学,前40%
2023,0813 建筑学,西南交通大学,前40%
2023,0813 建筑学,吉林建筑大学,前40%
2023,0813 建筑学,广东工业大学,前40%
2023,0814 土木工程,同济大学,前3%
2023,0814 土木工程,浙江大学,前3%
2023,0814 土木工程,东南大学,前3%
2023,0814 土木工程,重庆大学,前3%
2023,0814 土木工程,清华大学,前3%
2023,0814 土木工程,哈尔滨工业大学,前7%
2023,0814 土木工程,西南交通大学,前7%
2023,0814 土木工程,山东大学,前7%
2023,0814 土木工程,大连理工大学,前7%
2023,0814 土木工程,湖南大学,前7%
2023,0814 土木工程,四川大学,前7%
2023,0814 土木工程,河海大学,前12%
2023,0814 土木工程,深圳大学,前12%
2023,0814 土木工程,北京工业大学,前12%
2023,0814 土木工程,天津大学,前12%
2023,0814 土木工程,武汉大学,前12%
2023,0814 土木工程,西安建筑科技大学,前12%
2023,0814 土木工程,广州大学,前12%
2023,0814 土木工程,中南大学,前12%
2023,0814 土木工程,北京交通大学,前12%
2023,0814 土木工程,重庆交通大学,前20%
2023,0814 土木工程,华中科技大学,前20%
2023,0814 土木工程,长沙理工大学,前20%
2023,0814 土木工程,中国矿业大学,前20%
2023,0814 土木工程,上海交通大学,前20%
2023,0814 土木工程,北京建筑大学,前20%
2023,0814 土木工程,华南理工大学,前20%
2023,0814 土木工程,青岛理工大学,前20%
2023,0814 土木工程,长安大学,前20%
2023,0814 土木工程,广西大学,前20%
2023,0815 水利工程,河海大学,前2名
2023,0815 水利工程,清华大学,前2名
2023,0815 水利工程,武汉大学,前7%
2023,0815 水利工程,大连理工大学,前7%
2023,0815 水利工程,中国海洋大学,前12%
2023,0815 水利工程,西安理工大学,前12%
2023,0815 水利工程,天津大学,前12%
2023,0815 水利工程,四川大学,前20%
2023,0815 水利工程,北京师范大学,前20%
2023,0815 水利工程,西北农林科技大学,前20%
2023,0815 水利工程,中国农业大学,前20%
2023,0815 水利工程,华中科技大学,前20%
2023,0815 水利工程,中山大学,前20%
2023,0815 水利工程,三峡大学,前30%
2023,0815 水利工程,中国地质大学（武汉）,前30%
2023,0815 水利工程,郑州大学,前30%
2023,0815 水利工程,内蒙古农业大学,前30%
2023,0815 水利工程,长安大学,前30%
2023,0815 水利工程,青海大学,前30%
2023,0815 水利工程,宁夏大学,前40%
2023,0815 水利工程,长沙理工大学,前40%
2023,0815 水利工程,河北工程大学,前40%
2023,0815 水利工程,重庆交通大学,前40%
2023,0815 水利工程,兰州大学,前40%
2023,0815 水利工程,华北水利水电大学,前40%
2023,0815 水利工程,南京信息工程大学,前40%
2023,0815 水利工程,中国地质大学（北京）,前50%
2023,0815 水利工程,华东师范大学,前50%
2023,0815 水利工程,扬州大学,前50%
2023,0815 水利工程,南昌工程学院,前50%
2023,0816 测绘科学与技术,武汉大学,前2名
2023,0816 测绘科学与技术,同济大学,前2名
2023,0816 测绘科学与技术,中南大学,前7%
2023,0816 测绘科学与技术,中国矿业大学,前12%
2023,0816 测绘科学与技术,长安大学,前12%
2023,0816 测绘科学与技术,兰州交通大学,前12%
2023,0816 测绘科学与技术,山东科技大学,前20%
2023,0816 测绘科学与技术,中国人民解放军战略支援部队信息工程大学,前20%
2023,0816 测绘科学与技术,北京大学,前20%
2023,0816 测绘科学与技术,中山大学,前20%
2023,0816 测绘科学与技术,南京信息工程大学,前20%
2023,0816 测绘科学与技术,西南交通大学,前30%
2023,0816 测绘科学与技术,电子科技大学,前30%
2023,0816 测绘科学与技术,中国地质大学（北京）,前30%
2023,0816 测绘科学与技术,中国地质大学（武汉）,前30%
2023,0816 测绘科学与技术,北京建筑大学,前30%
2023,0816 测绘科学与技术,湖南科技大学,前30%
2023,0816 测绘科学与技术,中国人民解放军海军大连舰艇学院,前40%
2023,0816 测绘科学与技术,河南理工大学,前40%
2023,0816 测绘科学与技术,河海大学,前40%
2023,0816 测绘科学与技术,中国矿业大学（北京）,前40%
2023,0816 测绘科学与技术,西安科技大学,前40%
2023,0816 测绘科学与技术,南京师范大学,前50%
2023,0816 测绘科学与技术,成都理工大学,前50%
2023,0816 测绘科学与技术,吉林大学,前50%
2023,0816 测绘科学与技术,中国石油大学（华东）,前50%
2023,0816 测绘科学与技术,东南大学,前50%
2023,0818 地质资源与地质工程,中国地质大学（武汉）,前2名
2023,0818 地质资源与地质工程,中国石油大学（华东）,前2名
2023,0818 地质资源与地质工程,吉林大学,前7%
2023,0818 地质资源与地质工程,成都理工大学,前12%
2023,0818 地质资源与地质工程,中南大学,前12%
2023,0818 地质资源与地质工程,中国地质大学（北京）,前20%
2023,0818 地质资源与地质工程,中国石油大学（北京）,前20%
2023,0818 地质资源与地质工程,同济大学,前20%
2023,0818 地质资源与地质工程,中国矿业大学,前20%
2023,0818 地质资源与地质工程,南京大学,前30%
2023,0818 地质资源与地质工程,中国矿业大学（北京）,前30%
2023,0818 地质资源与地质工程,长安大学,前30%
2023,0818 地质资源与地质工程,西北大学,前30%
2023,0818 地质资源与地质工程,东北石油大学,前40%
2023,0818 地质资源与地质工程,河海大学,前40%
2023,0818 地质资源与地质工程,长江大学,前40%
2023,0818 地质资源与地质工程,西安科技大学,前40%
2023,0818 地质资源与地质工程,桂林理工大学,前40%
2023,0818 地质资源与地质工程,东华理工大学,前50%
2023,0818 地质资源与地质工程,河南理工大学,前50%
2023,0818 地质资源与地质工程,山东科技大学,前50%
2023,0818 地质资源与地质工程,西南石油大学,前50%
2023,0819 矿业工程,中南大学,前2名
2023,0819 矿业工程,中国矿业大学,前2名
2023,0819 矿业工程,东北大学,前3名
2023,0819 矿业工程,中国矿业大学（北京）,前4名
2023,0819 矿业工程,太原理工大学,前20%
2023,0819 矿业工程,重庆大学,前20%
2023,0819 矿业工程,北京科技大学,前30%
2023,0819 矿业工程,山东科技大学,前30%
2023,0819 矿业工程,武汉科技大学,前30%
2023,0819 矿业工程,昆明理工大学,前40%
2023,0819 矿业工程,河南理工大学,前40%
2023,0819 矿业工程,安徽理工大学,前40%
2023,0819 矿业工程,西安科技大学,前50%
2023,0819 矿业工程,江西理工大学,前50%
2023,0819 矿业工程,辽宁工程技术大学,前50%
2023,0820 石油与天然气工程,中国石油大学（北京）,前2名
2023,0820 石油与天然气工程,中国石油大学（华东）,前2名
2023,0820 石油与天然气工程,西南石油大学,前3名
2023,0820 石油与天然气工程,东北石油大学,前4名
2023,0820 石油与天然气工程,西安石油大学,前40%
2023,0820 石油与天然气工程,长江大学,前40%
2023,0820 石油与天然气工程,中国地质大学（北京）,前50%
2023,0820 石油与天然气工程,华东理工大学,前50%
2023,0821 纺织科学与工程,东华大学,前1%
2023,0821 纺织科学与工程,浙江理工大学,前1%
2023,0821 纺织科学与工程,江南大学,前5%
2023,0821 纺织科学与工程,武汉纺织大学,前10%
2023,0821 纺织科学与工程,天津工业大学,前30%
2023,0821 纺织科学与工程,青岛大学,前30%
2023,0821 纺织科学与工程,北京服装学院,前40%
2023,0821 纺织科学与工程,苏州大学,前40%
2023,0821 纺织科学与工程,南通大学,前50%
2023,0821 纺织科学与工程,西安工程大学,前50%
2023,0821 纺织科学与工程,上海工程技术大学,前50%
2023,0822 轻工技术与工程,江南大学,前2%
2023,0822 轻工技术与工程,华南理工大学,前2%
2023,0822 轻工技术与工程,广西大学,前3%
2023,0822 轻工技术与工程,陕西科技大学,前4%
2023,0822 轻工技术与工程,四川大学,前30%
2023,0822 轻工技术与工程,齐鲁工业大学,前30%
2023,0822 轻工技术与工程,天津科技大学,前40%
2023,0822 轻工技术与工程,南京林业大学,前40%
2023,0822 轻工技术与工程,大连工业大学,前50%
2023,0822 轻工技术与工程,湖北工业大学,前50%
2023,0823 交通运输工程,北京交通大学,前3%
2023,0823 交通运输工程,西南交通大学,前3%
2023,0823 交通运输工程,北京航空航天大学,前7%
2023,0823 交通运输工程,同济大学,前7%
2023,0823 交通运输工程,东南大学,前12%
2023,0823 交通运输工程,长安大学,前12%
2023,0823 交通运输工程,中南大学,前12%
2023,0823 交通运输工程,长沙理工大学,前12%
2023,0823 交通运输工程,武汉理工大学,前20%
2023,0823 交通运输工程,清华大学,前20%
2023,0823 交通运输工程,大连海事大学,前20%
2023,0823 交通运输工程,哈尔滨工业大学,前20%
2023,0823 交通运输工程,华东交通大学,前20%
2023,0823 交通运输工程,石家庄铁道大学,前30%
2023,0823 交通运输工程,上海交通大学,前30%
2023,0823 交通运输工程,南京航空航天大学,前30%
2023,0823 交通运输工程,吉林大学,前30%
2023,0823 交通运输工程,上海海事大学,前30%
2023,0823 交通运输工程,西安电子科技大学,前30%
2023,0823 交通运输工程,北京工业大学,前30%
2023,0823 交通运输工程,中山大学,前40%
2023,0823 交通运输工程,大连理工大学,前40%
2023,0823 交通运输工程,重庆交通大学,前40%
2023,0823 交通运输工程,西北工业大学,前40%
2023,0823 交通运输工程,华南理工大学,前40%
2023,0823 交通运输工程,重庆大学,前40%
2023,0823 交通运输工程,合肥工业大学,前40%
2023,0823 交通运输工程,湖南大学,前50%
2023,0823 交通运输工程,江苏大学,前50%
2023,0823 交通运输工程,兰州交通大学,前50%
2023,0824 船舶与海洋工程,哈尔滨工程大学,前2%
2023,0824 船舶与海洋工程,上海交通大学,前2%
2023,0824 船舶与海洋工程,大连理工大学,前3%
2023,0824 船舶与海洋工程,大连海事大学,前4%
2023,0824 船舶与海洋工程,武汉理工大学,前20%
2023,0824 船舶与海洋工程,江苏科技大学,前20%
2023,0824 船舶与海洋工程,西北工业大学,前30%
2023,0824 船舶与海洋工程,中国海洋大学,前30%
2023,0824 船舶与海洋工程,天津大学,前30%
2023,0824 船舶与海洋工程,华中科技大学,前40%
2023,0824 船舶与海洋工程,中国人民解放军海军工程大学,前40%
2023,0824 船舶与海洋工程,哈尔滨工业大学,前40%
2023,0824 船舶与海洋工程,上海海事大学,前50%
2023,0824 船舶与海洋工程,河海大学,前50%
2023,0824 船舶与海洋工程,宁波大学,前50%
2023,0825 航空宇航科学与技术,北京航空航天大学,前2名
2023,0825 航空宇航科学与技术,西北工业大学,前2名
2023,0825 航空宇航科学与技术,南京航空航天大学,前3名
2023,0825 航空宇航科学与技术,哈尔滨工业大学,前12%
2023,0825 航空宇航科学与技术,北京理工大学,前20%
2023,0825 航空宇航科学与技术,中国人民解放军国防科技大学,前20%
2023,0825 航空宇航科学与技术,上海交通大学,前20%
2023,0825 航空宇航科学与技术,清华大学,前30%
2023,0825 航空宇航科学与技术,中国人民解放军空军工程大学,前30%
2023,0825 航空宇航科学与技术,浙江大学,前30%
2023,0825 航空宇航科学与技术,大连理工大学,前30%
2023,0825 航空宇航科学与技术,厦门大学,前30%
2023,0825 航空宇航科学与技术,西安交通大学,前40%
2023,0825 航空宇航科学与技术,中国民航大学,前40%
2023,0825 航空宇航科学与技术,四川大学,前50%
2023,0825 航空宇航科学与技术,中南大学,前50%
2023,0825 航空宇航科学与技术,中国人民解放军海军航空大学,前50%
2023,0825 航空宇航科学与技术,太原理工大学,前50%
2023,0826 兵器科学与技术,北京理工大学,前2名
2023,0826 兵器科学与技术,南京理工大学,前2名
2023,0826 兵器科学与技术,西北工业大学,前3名
2023,0826 兵器科学与技术,中北大学,前4名
2023,0826 兵器科学与技术,中国人民解放军火箭军工程大学,前30%
2023,0826 兵器科学与技术,南京航空航天大学,前40%
2023,0826 兵器科学与技术,中国人民解放军海军工程大学,前50%
2023,0826 兵器科学与技术,中国人民解放军陆军炮兵防空兵学院,前50%
2023,0827 核科学与技术,清华大学,前2名
2023,0827 核科学与技术,西安交通大学,前2名
2023,0827 核科学与技术,中国科学技术大学,前3名
2023,0827 核科学与技术,哈尔滨工程大学,前4名
2023,0827 核科学与技术,兰州大学,前30%
2023,0827 核科学与技术,东华理工大学,前30%
2023,0827 核科学与技术,北京大学,前40%
2023,0827 核科学与技术,南华大学,前40%
2023,0827 核科学与技术,上海交通大学,前50%
2023,0827 核科学与技术,华北电力大学,前50%
2023,0827 核科学与技术,四川大学,前50%
2023,0828 农业工程,中国农业大学,前2名
2023,0828 农业工程,华南农业大学,前2名
2023,0828 农业工程,西北农林科技大学,前7%
2023,0828 农业工程,吉林大学,前12%
2023,0828 农业工程,浙江大学,前12%
2023,0828 农业工程,江苏大学,前20%
2023,0828 农业工程,华中农业大学,前20%
2023,0828 农业工程,南京农业大学,前20%
2023,0828 农业工程,石河子大学,前20%
2023,0828 农业工程,青岛农业大学,前30%
2023,0828 农业工程,东北农业大学,前30%
2023,0828 农业工程,山东理工大学,前30%
2023,0828 农业工程,云南师范大学,前30%
2023,0828 农业工程,内蒙古农业大学,前40%
2023,0828 农业工程,河海大学,前40%
2023,0828 农业工程,河南农业大学,前40%
2023,0828 农业工程,昆明理工大学,前40%
2023,0828 农业工程,河南科技大学,前40%
2023,0828 农业工程,海南大学,前50%
2023,0828 农业工程,福建农林大学,前50%
2023,0828 农业工程,山东农业大学,前50%
2023,0828 农业工程,西南大学,前50%
2023,0829 林业工程,东北林业大学,前2%
2023,0829 林业工程,北京林业大学,前2%
2023,0829 林业工程,南京林业大学,前3%
2023,0829 林业工程,西南林业大学,前4%
2023,0829 林业工程,中南林业科技大学,前50%
2023,0829 林业工程,北华大学,前50%
2023,0830 环境科学与工程,清华大学,前3%
2023,0830 环境科学与工程,同济大学,前3%
2023,0830 环境科学与工程,北京大学,前3%
2023,0830 环境科学与工程,南京大学,前3%
2023,0830 环境科学与工程,哈尔滨工业大学,前3%
2023,0830 环境科学与工程,浙江大学,前3%
2023,0830 环境科学与工程,北京师范大学,前7%
2023,0830 环境科学与工程,南开大学,前7%
2023,0830 环境科学与工程,河海大学,前7%
2023,0830 环境科学与工程,中山大学,前7%
2023,0830 环境科学与工程,上海交通大学,前7%
2023,0830 环境科学与工程,天津大学,前7%
2023,0830 环境科学与工程,大连理工大学,前7%
2023,0830 环境科学与工程,湖南大学,前7%
2023,0830 环境科学与工程,广东工业大学,前12%
2023,0830 环境科学与工程,华南理工大学,前12%
2023,0830 环境科学与工程,昆明理工大学,前12%
2023,0830 环境科学与工程,山东大学,前12%
2023,0830 环境科学与工程,北京工业大学,前12%
2023,0830 环境科学与工程,复旦大学,前12%
2023,0830 环境科学与工程,山西大学,前12%
2023,0830 环境科学与工程,中国科学技术大学,前12%
2023,0830 环境科学与工程,四川大学,前12%
2023,0830 环境科学与工程,重庆大学,前12%
2023,0830 环境科学与工程,华中科技大学,前20%
2023,0830 环境科学与工程,暨南大学,前20%
2023,0830 环境科学与工程,浙江工业大学,前20%
2023,0830 环境科学与工程,南京信息工程大学,前20%
2023,0830 环境科学与工程,华东师范大学,前20%
2023,0830 环境科学与工程,中国地质大学（武汉）,前20%
2023,0831 生物医学工程,东南大学,前3%
2023,0831 生物医学工程,清华大学,前3%
2023,0831 生物医学工程,天津大学,前7%
2023,0831 生物医学工程,上海交通大学,前7%
2023,0831 生物医学工程,北京航空航天大学,前7%
2023,0831 生物医学工程,四川大学,前7%
2023,0831 生物医学工程,华中科技大学,前12%
2023,0831 生物医学工程,浙江大学,前12%
2023,0831 生物医学工程,北京大学,前12%
2023,0831 生物医学工程,电子科技大学,前12%
2023,0831 生物医学工程,中山大学,前12%
2023,0831 生物医学工程,复旦大学,前20%
2023,0831 生物医学工程,华南理工大学,前20%
2023,0831 生物医学工程,西安交通大学,前20%
2023,0831 生物医学工程,南方医科大学,前20%
2023,0831 生物医学工程,重庆医科大学,前20%
2023,0831 生物医学工程,北京理工大学,前20%
2023,0831 生物医学工程,深圳大学,前20%
2023,0831 生物医学工程,重庆大学,前30%
2023,0831 生物医学工程,同济大学,前30%
2023,0831 生物医学工程,北京协和医学院,前30%
2023,0831 生物医学工程,西北工业大学,前30%
2023,0831 生物医学工程,哈尔滨工业大学,前30%
2023,0831 生物医学工程,苏州大学,前30%
2023,0831 生物医学工程,中国人民解放军陆军军医大学,前30%
2023,0831 生物医学工程,华东理工大学,前30%
2023,0831 生物医学工程,中国医科大学,前30%
2023,0831 生物医学工程,暨南大学,前30%
2023,0831 生物医学工程,首都医科大学,前40%
2023,0831 生物医学工程,大连理工大学,前40%
2023,0833 城乡规划学,同济大学,前3%
2023,0833 城乡规划学,东南大学,前3%
2023,0833 城乡规划学,清华大学,前7%
2023,0833 城乡规划学,重庆大学,前7%
2023,0833 城乡规划学,西安建筑科技大学,前7%
2023,0833 城乡规划学,天津大学,前12%
2023,0833 城乡规划学,南京大学,前12%
2023,0833 城乡规划学,中山大学,前12%
2023,0833 城乡规划学,华中科技大学,前12%
2023,0833 城乡规划学,华南理工大学,前20%
2023,0833 城乡规划学,山东建筑大学,前20%
2023,0833 城乡规划学,武汉大学,前20%
2023,0833 城乡规划学,哈尔滨工业大学,前20%
2023,0833 城乡规划学,深圳大学,前20%
2023,0833 城乡规划学,北京工业大学,前20%
2023,0833 城乡规划学,湖南大学,前20%
2023,0833 城乡规划学,苏州科技大学,前30%
2023,0833 城乡规划学,浙江工业大学,前30%
2023,0833 城乡规划学,北京林业大学,前30%
2023,0833 城乡规划学,长安大学,前30%
2023,0833 城乡规划学,贵州大学,前30%
2023,0833 城乡规划学,南京林业大学,前30%
2023,0833 城乡规划学,四川大学,前30%
2023,0833 城乡规划学,广东工业大学,前30%
2023,0833 城乡规划学,北京建筑大学,前40%
2023,0833 城乡规划学,东北大学,前40%
2023,0833 城乡规划学,西南交通大学,前40%
2023,0833 城乡规划学,大连理工大学,前40%
2023,0833 城乡规划学,四川农业大学,前40%
2023,0833 城乡规划学,浙江财经大学,前40%
2023,0834 风景园林学,北京林业大学,前2名
2023,0834 风景园林学,清华大学,前2名
2023,0834 风景园林学,南京林业大学,前7%
2023,0834 风景园林学,同济大学,前7%
2023,0834 风景园林学,西北农林科技大学,前12%
2023,0834 风景园林学,东南大学,前12%
2023,0834 风景园林学,上海交通大学,前20%
2023,0834 风景园林学,浙江农林大学,前20%
2023,0834 风景园林学,天津大学,前20%
2023,0834 风景园林学,重庆大学,前20%
2023,0834 风景园林学,海南大学,前20%
2023,0834 风景园林学,华南农业大学,前30%
2023,0834 风景园林学,四川农业大学,前30%
2023,0834 风景园林学,华南理工大学,前30%
2023,0834 风景园林学,西南林业大学,前30%
2023,0834 风景园林学,华中科技大学,前30%
2023,0834 风景园林学,华中农业大学,前30%
2023,0834 风景园林学,中国农业大学,前40%
2023,0834 风景园林学,西安建筑科技大学,前40%
2023,0834 风景园林学,东北林业大学,前40%
2023,0834 风景园林学,西南大学,前40%
2023,0834 风景园林学,福建农林大学,前40%
2023,0834 风景园林学,南京农业大学,前50%
2023,0834 风景园林学,江西农业大学,前50%
2023,0834 风景园林学,哈尔滨工业大学,前50%
2023,0834 风景园林学,中南林业科技大学,前50%
2023,0834 风景园林学,河南农业大学,前50%
2023,0834 风景园林学,东北农业大学,前50%
2023,0834 风景园林学,山东建筑大学,前50%
2023,0836 生物工程,北京化工大学,前2名
2023,0836 生物工程,华东理工大学,前2名
2023,0836 生物工程,华中农业大学,前3名
2023,0836 生物工程,上海交通大学,前4名
2023,0836 生物工程,浙江工业大学,前20%
2023,0836 生物工程,大连理工大学,前30%
2023,0836 生物工程,福州大学,前30%
2023,0836 生物工程,天津科技大学,前30%
2023,0836 生物工程,南京工业大学,前40%
2023,0836 生物工程,大连民族大学,前40%
2023,0836 生物工程,吉林大学,前50%
2023,0836 生物工程,聊城大学,前50%
2023,0836 生物工程,遵义医科大学,前50%
2023,0837 安全科学与工程,中国矿业大学,前2名
2023,0837 安全科学与工程,中国科学技术大学,前2名
2023,0837 安全科学与工程,清华大学,前7%
2023,0837 安全科学与工程,中国石油大学（北京）,前7%
2023,0837 安全科学与工程,北京理工大学,前12%
2023,0837 安全科学与工程,西安科技大学,前12%
2023,0837 安全科学与工程,中国矿业大学（北京）,前12%
2023,0837 安全科学与工程,山东科技大学,前20%
2023,0837 安全科学与工程,河南理工大学,前20%
2023,0837 安全科学与工程,安徽理工大学,前20%
2023,0837 安全科学与工程,南京工业大学,前20%
2023,0837 安全科学与工程,重庆大学,前20%
2023,0837 安全科学与工程,中南大学,前30%
2023,0837 安全科学与工程,大连理工大学,前30%
2023,0837 安全科学与工程,郑州大学,前30%
2023,0837 安全科学与工程,北京科技大学,前30%
2023,0837 安全科学与工程,武汉理工大学,前30%
2023,0837 安全科学与工程,西南交通大学,前30%
2023,0837 安全科学与工程,中国人民警察大学,前40%
2023,0837 安全科学与工程,贵州大学,前40%
2023,0837 安全科学与工程,华南理工大学,前40%
2023,0837 安全科学与工程,河海大学,前40%
2023,0837 安全科学与工程,辽宁工程技术大学,前40%
2023,0837 安全科学与工程,中国地质大学（武汉）,前40%
2023,0837 安全科学与工程,常州大学,前50%
2023,0837 安全科学与工程,太原理工大学,前50%
2023,0837 安全科学与工程,北京航空航天大学,前50%
2023,0837 安全科学与工程,中国地质大学（北京）,前50%
2023,0837 安全科学与工程,东北大学,前50%
2023,0837 安全科学与工程,西安建筑科技大学,前50%
2023,0839 网络空间安全,西安电子科技大学,前3%
2023,0839 网络空间安全,北京理工大学,前3%
2023,0839 网络空间安全,北京邮电大学,前7%
2023,0839 网络空间安全,浙江大学,前7%
2023,0839 网络空间安全,电子科技大学,前7%
2023,0839 网络空间安全,清华大学,前12%
2023,0839 网络空间安全,暨南大学,前12%
2023,0839 网络空间安全,武汉大学,前12%
2023,0839 网络空间安全,上海交通大学,前12%
2023,0839 网络空间安全,广州大学,前20%
2023,0839 网络空间安全,中山大学,前20%
2023,0839 网络空间安全,复旦大学,前20%
2023,0839 网络空间安全,中国人民解放军战略支援部队信息工程大学,前20%
2023,0839 网络空间安全,南开大学,前20%
2023,0839 网络空间安全,四川大学,前20%
2023,0839 网络空间安全,中国人民解放军国防科技大学,前20%
2023,0839 网络空间安全,北京航空航天大学,前30%
2023,0839 网络空间安全,西安交通大学,前30%
2023,0839 网络空间安全,中国科学技术大学,前30%
2023,0839 网络空间安全,山东大学,前30%
2023,0839 网络空间安全,福建师范大学,前30%
2023,0839 网络空间安全,东南大学,前30%
2023,0839 网络空间安全,华中科技大学,前30%
2023,0839 网络空间安全,南京航空航天大学,前30%
2023,0839 网络空间安全,南京邮电大学,前40%
2023,0839 网络空间安全,北京交通大学,前40%
2023,0839 网络空间安全,南京理工大学,前40%
2023,0839 网络空间安全,杭州电子科技大学,前40%
2023,0839 网络空间安全,西北工业大学,前40%
2023,0839 网络空间安全,哈尔滨工业大学,前40%
2023,0901 作物学,中国农业大学,前2名
2023,0901 作物学,华中农业大学,前2名
2023,0901 作物学,南京农业大学,前7%
2023,0901 作物学,扬州大学,前12%
2023,0901 作物学,华南农业大学,前12%
2023,0901 作物学,河南农业大学,前12%
2023,0901 作物学,西北农林科技大学,前20%
2023,0901 作物学,山东农业大学,前20%
2023,0901 作物学,四川农业大学,前20%
2023,0901 作物学,浙江大学,前20%
2023,0901 作物学,沈阳农业大学,前30%
2023,0901 作物学,东北农业大学,前30%
2023,0901 作物学,河北农业大学,前30%
2023,0901 作物学,福建农林大学,前30%
2023,0901 作物学,西南大学,前30%
2023,0901 作物学,山西农业大学,前40%
2023,0901 作物学,海南大学,前40%
2023,0901 作物学,江西农业大学,前40%
2023,0901 作物学,甘肃农业大学,前40%
2023,0901 作物学,湖南农业大学,前40%
2023,0901 作物学,安徽农业大学,前50%
2023,0901 作物学,内蒙古农业大学,前50%
2023,0901 作物学,河南科技大学,前50%
2023,0901 作物学,石河子大学,前50%
2023,0901 作物学,浙江农林大学,前50%
2023,0903 农业资源与环境,南京农业大学,前2名
2023,0903 农业资源与环境,中国农业大学,前2名
2023,0903 农业资源与环境,西北农林科技大学,前3名
2023,0903 农业资源与环境,华中农业大学,前12%
2023,0903 农业资源与环境,浙江大学,前20%
2023,0903 农业资源与环境,华南农业大学,前20%
2023,0903 农业资源与环境,山东农业大学,前20%
2023,0903 农业资源与环境,西南大学,前20%
2023,0903 农业资源与环境,湖南农业大学,前30%
2023,0903 农业资源与环境,沈阳农业大学,前30%
2023,0903 农业资源与环境,福建农林大学,前30%
2023,0903 农业资源与环境,山西农业大学,前30%
2023,0903 农业资源与环境,河南农业大学,前40%
2023,0903 农业资源与环境,浙江农林大学,前40%
2023,0903 农业资源与环境,江西农业大学,前40%
2023,0903 农业资源与环境,四川农业大学,前40%
2023,0903 农业资源与环境,安徽农业大学,前50%
2023,0903 农业资源与环境,云南农业大学,前50%
2023,0903 农业资源与环境,石河子大学,前50%
2023,0903 农业资源与环境,河北农业大学,前50%
2023,0904 植物保护,南京农业大学,前2%
2023,0904 植物保护,贵州大学,前2%
2023,0904 植物保护,西北农林科技大学,前7%
2023,0904 植物保护,浙江大学,前12%
2023,0904 植物保护,中国农业大学,前12%
2023,0904 植物保护,云南农业大学,前20%
2023,0904 植物保护,福建农林大学,前20%
2023,0904 植物保护,华中农业大学,前20%
2023,0904 植物保护,西南大学,前20%
2023,0904 植物保护,华南农业大学,前30%
2023,0904 植物保护,山东农业大学,前30%
2023,0904 植物保护,吉林农业大学,前30%
2023,0904 植物保护,湖南农业大学,前30%
2023,0904 植物保护,沈阳农业大学,前40%
2023,0904 植物保护,海南大学,前40%
2023,0904 植物保护,安徽农业大学,前40%
2023,0904 植物保护,河北农业大学,前40%
2023,0904 植物保护,青岛农业大学,前40%
2023,0904 植物保护,扬州大学,前50%
2023,0904 植物保护,南开大学,前50%
2023,0904 植物保护,华中师范大学,前50%
2023,0904 植物保护,四川农业大学,前50%
2023,0904 植物保护,河南农业大学,前50%
2023,0905 畜牧学,中国农业大学,前2名
2023,0905 畜牧学,四川农业大学,前2名
2023,0905 畜牧学,华中农业大学,前7%
2023,0905 畜牧学,南京农业大学,前12%
2023,0905 畜牧学,扬州大学,前12%
2023,0905 畜牧学,西北农林科技大学,前12%
2023,0905 畜牧学,浙江大学,前20%
2023,0905 畜牧学,华南农业大学,前20%
2023,0905 畜牧学,江西农业大学,前20%
2023,0905 畜牧学,东北农业大学,前20%
2023,0905 畜牧学,西南大学,前30%
2023,0905 畜牧学,湖南农业大学,前30%
2023,0905 畜牧学,甘肃农业大学,前30%
2023,0905 畜牧学,兰州大学,前30%
2023,0905 畜牧学,河南农业大学,前30%
2023,0905 畜牧学,内蒙古农业大学,前30%
2023,0905 畜牧学,吉林农业大学,前40%
2023,0905 畜牧学,武汉轻工大学,前40%
2023,0905 畜牧学,山东农业大学,前40%
2023,0905 畜牧学,青海大学,前40%
2023,0905 畜牧学,新疆农业大学,前40%
2023,0905 畜牧学,广西大学,前50%
2023,0905 畜牧学,云南农业大学,前50%
2023,0905 畜牧学,石河子大学,前50%
2023,0905 畜牧学,佛山大学,前50%
2023,0905 畜牧学,安徽农业大学,前50%
2023,0905 畜牧学,吉林大学,前50%
2023,0907 林学,北京林业大学,前2%
2023,0907 林学,南京林业大学,前2%
2023,0907 林学,浙江农林大学,前3%
2023,0907 林学,东北林业大学,前12%
2023,0907 林学,西北农林科技大学,前20%
2023,0907 林学,福建农林大学,前20%
2023,0907 林学,中南林业科技大学,前20%
2023,0907 林学,西南林业大学,前30%
2023,0907 林学,河北农业大学,前30%
2023,0907 林学,江西农业大学,前30%
2023,0907 林学,河南农业大学,前40%
2023,0907 林学,华南农业大学,前40%
2023,0907 林学,沈阳农业大学,前40%
2023,0907 林学,海南大学,前40%
2023,0907 林学,安徽农业大学,前50%
2023,0907 林学,广西大学,前50%
2023,0907 林学,四川农业大学,前50%
2023,0908 水产,上海海洋大学,前2名
2023,0908 水产,中国海洋大学,前2名
2023,0908 水产,宁波大学,前3名
2023,0908 水产,华中农业大学,前4名
2023,0908 水产,大连海洋大学,前20%
2023,0908 水产,浙江海洋大学,前20%
2023,0908 水产,海南大学,前30%
2023,0908 水产,集美大学,前30%
2023,0908 水产,广东海洋大学,前30%
2023,0908 水产,西南大学,前40%
2023,0908 水产,青岛农业大学,前40%
2023,0908 水产,南京农业大学,前40%
2023,0908 水产,华南农业大学,前50%
2023,0908 水产,湖州师范学院,前50%
2023,0908 水产,河南师范大学,前50%
2023,0908 水产,南昌大学,前50%
2023,0908 水产,四川农业大学,前50%
2023,1001 基础医学,复旦大学,前3%
2023,1001 基础医学,上海交通大学,前3%
2023,1001 基础医学,北京协和医学院,前3%
2023,1001 基础医学,中山大学,前7%
2023,1001 基础医学,北京大学,前7%
2023,1001 基础医学,浙江大学,前7%
2023,1001 基础医学,南方医科大学,前7%
2023,1001 基础医学,中国人民解放军陆军军医大学,前7%
2023,1001 基础医学,南京医科大学,前12%
2023,1001 基础医学,华中科技大学,前12%
2023,1001 基础医学,深圳大学,前12%
2023,1001 基础医学,中南大学,前12%
2023,1001 基础医学,苏州大学,前12%
2023,1001 基础医学,山东大学,前12%
2023,1001 基础医学,中国人民解放军海军军医大学,前20%
2023,1001 基础医学,首都医科大学,前20%
2023,1001 基础医学,天津医科大学,前20%
2023,1001 基础医学,四川大学,前20%
2023,1001 基础医学,吉林大学,前20%
2023,1001 基础医学,中国人民解放军空军军医大学,前20%
2023,1001 基础医学,武汉大学,前20%
2023,1001 基础医学,郑州大学,前20%
2023,1001 基础医学,南通大学,前20%
2023,1001 基础医学,中国医科大学,前20%
2023,1001 基础医学,清华大学,前30%
2023,1001 基础医学,哈尔滨医科大学,前30%
2023,1001 基础医学,重庆医科大学,前30%
2023,1001 基础医学,广州医科大学,前30%
2023,1001 基础医学,西安交通大学,前30%
2023,1001 基础医学,暨南大学,前30%
2023,1002 临床医学,上海交通大学,前3%
2023,1002 临床医学,北京大学,前3%
2023,1002 临床医学,复旦大学,前3%
2023,1002 临床医学,首都医科大学,前7%
2023,1002 临床医学,北京协和医学院,前7%
2023,1002 临床医学,中山大学,前7%
2023,1002 临床医学,浙江大学,前7%
2023,1002 临床医学,华中科技大学,前7%
2023,1002 临床医学,中南大学,前12%
2023,1002 临床医学,四川大学,前12%
2023,1002 临床医学,中国人民解放军空军军医大学,前12%
2023,1002 临床医学,同济大学,前12%
2023,1002 临床医学,山东大学,前12%
2023,1002 临床医学,中国人民解放军海军军医大学,前20%
2023,1002 临床医学,南方医科大学,前20%
2023,1002 临床医学,中国人民解放军陆军军医大学,前20%
2023,1002 临床医学,广州医科大学,前20%
2023,1002 临床医学,温州医科大学,前20%
2023,1002 临床医学,哈尔滨医科大学,前20%
2023,1002 临床医学,西安交通大学,前20%
2023,1002 临床医学,南京医科大学,前20%
2023,1002 临床医学,苏州大学,前20%
2023,1002 临床医学,武汉大学,前20%
2023,1002 临床医学,天津医科大学,前30%
2023,1002 临床医学,中国医科大学,前30%
2023,1002 临床医学,重庆医科大学,前30%
2023,1002 临床医学,南京大学,前30%
2023,1002 临床医学,山东第一医科大学,前30%
2023,1002 临床医学,郑州大学,前30%
2023,1002 临床医学,吉林大学,前30%
2023,1003 口腔医学,四川大学,前2名
2023,1003 口腔医学,上海交通大学,前2名
2023,1003 口腔医学,北京大学,前7%
2023,1003 口腔医学,中国人民解放军空军军医大学,前12%
2023,1003 口腔医学,武汉大学,前12%
2023,1003 口腔医学,中山大学,前12%
2023,1003 口腔医学,首都医科大学,前20%
2023,1003 口腔医学,南京医科大学,前20%
2023,1003 口腔医学,华中科技大学,前20%
2023,1003 口腔医学,浙江大学,前20%
2023,1003 口腔医学,新疆医科大学,前30%
2023,1003 口腔医学,哈尔滨医科大学,前30%
2023,1003 口腔医学,重庆医科大学,前30%
2023,1003 口腔医学,山东大学,前30%
2023,1003 口腔医学,同济大学,前30%
2023,1003 口腔医学,河北医科大学,前40%
2023,1003 口腔医学,吉林大学,前40%
2023,1003 口腔医学,西安交通大学,前40%
2023,1003 口腔医学,中国医科大学,前40%
2023,1003 口腔医学,南方医科大学,前40%
2023,1003 口腔医学,福建医科大学,前50%
2023,1003 口腔医学,中南大学,前50%
2023,1003 口腔医学,遵义医科大学,前50%
2023,1003 口腔医学,温州医科大学,前50%
2023,1003 口腔医学,天津医科大学,前50%
2023,1004 公共卫生与预防医学,南京医科大学,前3%
2023,1004 公共卫生与预防医学,复旦大学,前3%
2023,1004 公共卫生与预防医学,北京大学,前7%
2023,1004 公共卫生与预防医学,华中科技大学,前7%
2023,1004 公共卫生与预防医学,中山大学,前7%
2023,1004 公共卫生与预防医学,北京协和医学院,前12%
2023,1004 公共卫生与预防医学,哈尔滨医科大学,前12%
2023,1004 公共卫生与预防医学,南方医科大学,前12%
2023,1004 公共卫生与预防医学,浙江大学,前12%
2023,1004 公共卫生与预防医学,中国人民解放军海军军医大学,前20%
2023,1004 公共卫生与预防医学,中国医科大学,前20%
2023,1004 公共卫生与预防医学,西安交通大学,前20%
2023,1004 公共卫生与预防医学,首都医科大学,前20%
2023,1004 公共卫生与预防医学,山东大学,前20%
2023,1004 公共卫生与预防医学,上海交通大学,前20%
2023,1004 公共卫生与预防医学,四川大学,前20%
2023,1004 公共卫生与预防医学,东南大学,前30%
2023,1004 公共卫生与预防医学,厦门大学,前30%
2023,1004 公共卫生与预防医学,中南大学,前30%
2023,1004 公共卫生与预防医学,安徽医科大学,前30%
2023,1004 公共卫生与预防医学,武汉大学,前30%
2023,1004 公共卫生与预防医学,中国人民解放军空军军医大学,前30%
2023,1004 公共卫生与预防医学,山西医科大学,前30%
2023,1004 公共卫生与预防医学,郑州大学,前30%
2023,1004 公共卫生与预防医学,中国人民解放军陆军军医大学,前40%
2023,1004 公共卫生与预防医学,天津医科大学,前40%
2023,1004 公共卫生与预防医学,广西医科大学,前40%
2023,1004 公共卫生与预防医学,江南大学,前40%
2023,1004 公共卫生与预防医学,广州医科大学,前40%
2023,1004 公共卫生与预防医学,青岛大学,前40%
2023,1006 中西医结合,北京中医药大学,前2名
2023,1006 中西医结合,上海中医药大学,前2名
2023,1006 中西医结合,大连医科大学,前7%
2023,1006 中西医结合,福建中医药大学,前7%
2023,1006 中西医结合,广东药科大学,前12%
2023,1006 中西医结合,广州中医药大学,前12%
2023,1006 中西医结合,山东中医药大学,前12%
2023,1006 中西医结合,复旦大学,前20%
2023,1006 中西医结合,辽宁中医药大学,前20%
2023,1006 中西医结合,暨南大学,前20%
2023,1006 中西医结合,南方医科大学,前20%
2023,1006 中西医结合,南京中医药大学,前20%
2023,1006 中西医结合,华中科技大学,前30%
2023,1006 中西医结合,广西中医药大学,前30%
2023,1006 中西医结合,湖南中医药大学,前30%
2023,1006 中西医结合,北京大学,前30%
2023,1006 中西医结合,河北医科大学,前30%
2023,1006 中西医结合,成都中医药大学,前30%
2023,1006 中西医结合,黑龙江中医药大学,前30%
2023,1006 中西医结合,中国人民解放军海军军医大学,前40%
2023,1006 中西医结合,河南中医药大学,前40%
2023,1006 中西医结合,天津中医药大学,前40%
2023,1006 中西医结合,安徽中医药大学,前40%
2023,1006 中西医结合,河北中医药大学,前40%
2023,1006 中西医结合,扬州大学,前40%
2023,1006 中西医结合,贵州中医药大学,前50%
2023,1006 中西医结合,甘肃中医药大学,前50%
2023,1006 中西医结合,陕西中医药大学,前50%
2023,1006 中西医结合,山东第一医科大学,前50%
2023,1006 中西医结合,江西中医药大学,前50%
2023,1007 药学,中国药科大学,前3%
2023,1007 药学,四川大学,前3%
2023,1007 药学,北京大学,前3%
2023,1007 药学,北京协和医学院,前3%
2023,1007 药学,浙江大学,前7%
2023,1007 药学,复旦大学,前7%
2023,1007 药学,中山大学,前7%
2023,1007 药学,暨南大学,前7%
2023,1007 药学,上海交通大学,前7%
2023,1007 药学,沈阳药科大学,前7%
2023,1007 药学,中国人民解放军海军军医大学,前12%
2023,1007 药学,温州医科大学,前12%
2023,1007 药学,南京大学,前12%
2023,1007 药学,武汉大学,前12%
2023,1007 药学,山东大学,前12%
2023,1007 药学,中南大学,前12%
2023,1007 药学,华中科技大学,前12%
2023,1007 药学,南京医科大学,前12%
2023,1007 药学,哈尔滨医科大学,前20%
2023,1007 药学,安徽医科大学,前20%
2023,1007 药学,郑州大学,前20%
2023,1007 药学,南方医科大学,前20%
2023,1007 药学,兰州大学,前20%
2023,1007 药学,西安交通大学,前20%
2023,1007 药学,天津大学,前20%
2023,1007 药学,浙江工业大学,前20%
2023,1007 药学,华东理工大学,前20%
2023,1007 药学,上海中医药大学,前20%
2023,1007 药学,首都医科大学,前20%
2023,1007 药学,苏州大学,前20%
2023,1009 特种医学,山西医科大学,前2%
2023,1009 特种医学,苏州大学,前2%
2023,1009 特种医学,中国人民解放军海军军医大学,前3%
2023,1009 特种医学,四川大学,前4%
2023,1009 特种医学,中国人民解放军空军军医大学,前30%
2023,1009 特种医学,中山大学,前40%
2023,1009 特种医学,南方医科大学,前40%
2023,1009 特种医学,中国人民解放军陆军军医大学,前50%
2023,1009 特种医学,北京航空航天大学,前50%
2023,1011 护理学,四川大学,前3%
2023,1011 护理学,北京大学,前3%
2023,1011 护理学,中南大学,前7%
2023,1011 护理学,首都医科大学,前7%
2023,1011 护理学,重庆医科大学,前7%
2023,1011 护理学,中山大学,前12%
2023,1011 护理学,复旦大学,前12%
2023,1011 护理学,山东大学,前12%
2023,1011 护理学,上海交通大学,前12%
2023,1011 护理学,浙江大学,前20%
2023,1011 护理学,福建医科大学,前20%
2023,1011 护理学,南方医科大学,前20%
2023,1011 护理学,武汉大学,前20%
2023,1011 护理学,南京医科大学,前20%
2023,1011 护理学,华中科技大学,前20%
2023,1011 护理学,郑州大学,前20%
2023,1011 护理学,山西医科大学,前30%
2023,1011 护理学,北京协和医学院,前30%
2023,1011 护理学,吉林大学,前30%
2023,1011 护理学,哈尔滨医科大学,前30%
2023,1011 护理学,南京中医药大学,前30%
2023,1011 护理学,西安交通大学,前30%
2023,1011 护理学,天津医科大学,前40%
2023,1011 护理学,广州医科大学,前40%
2023,1011 护理学,暨南大学,前40%
2023,1011 护理学,中国人民解放军海军军医大学,前40%
2023,1011 护理学,中国人民解放军陆军军医大学,前40%
2023,1011 护理学,浙江中医药大学,前40%
2023,1011 护理学,遵义医科大学,前40%
2023,1011 护理学,滨州医学院,前40%
2023,1201 管理科学与工程,清华大学,前3%
2023,1201 管理科学与工程,天津大学,前3%
2023,1201 管理科学与工程,合肥工业大学,前3%
2023,1201 管理科学与工程,西安交通大学,前3%
2023,1201 管理科学与工程,北京理工大学,前3%
2023,1201 管理科学与工程,上海交通大学,前3%
2023,1201 管理科学与工程,华中科技大学,前7%
2023,1201 管理科学与工程,同济大学,前7%
2023,1201 管理科学与工程,南京航空航天大学,前7%
2023,1201 管理科学与工程,中国科学技术大学,前7%
2023,1201 管理科学与工程,大连理工大学,前7%
2023,1201 管理科学与工程,北京航空航天大学,前7%
2023,1201 管理科学与工程,东南大学,前7%
2023,1201 管理科学与工程,浙江大学,前7%
2023,1201 管理科学与工程,武汉大学,前7%
2023,1201 管理科学与工程,中南大学,前7%
2023,1201 管理科学与工程,复旦大学,前12%
2023,1201 管理科学与工程,南京大学,前12%
2023,1201 管理科学与工程,四川大学,前12%
2023,1201 管理科学与工程,哈尔滨工业大学,前12%
2023,1201 管理科学与工程,华南理工大学,前12%
2023,1201 管理科学与工程,中央财经大学,前12%
2023,1201 管理科学与工程,重庆大学,前12%
2023,1201 管理科学与工程,上海大学,前12%
2023,1201 管理科学与工程,山东财经大学,前12%
2023,1201 管理科学与工程,电子科技大学,前12%
2023,1201 管理科学与工程,中国矿业大学,前12%
2023,1201 管理科学与工程,西北工业大学,前20%
2023,1201 管理科学与工程,中国人民解放军国防科技大学,前20%
2023,1201 管理科学与工程,江西财经大学,前20%
2023,1202 工商管理,中山大学,前3%
2023,1202 工商管理,中国人民大学,前3%
2023,1202 工商管理,厦门大学,前3%
2023,1202 工商管理,上海交通大学,前3%
2023,1202 工商管理,清华大学,前3%
2023,1202 工商管理,南开大学,前3%
2023,1202 工商管理,北京大学,前3%
2023,1202 工商管理,上海财经大学,前3%
2023,1202 工商管理,西安交通大学,前3%
2023,1202 工商管理,西南财经大学,前7%
2023,1202 工商管理,南京大学,前7%
2023,1202 工商管理,对外经济贸易大学,前7%
2023,1202 工商管理,东北财经大学,前7%
2023,1202 工商管理,武汉大学,前7%
2023,1202 工商管理,重庆大学,前7%
2023,1202 工商管理,浙江大学,前7%
2023,1202 工商管理,暨南大学,前7%
2023,1202 工商管理,大连理工大学,前7%
2023,1202 工商管理,中南财经政法大学,前7%
2023,1202 工商管理,浙江工商大学,前7%
2023,1202 工商管理,山东大学,前7%
2023,1202 工商管理,浙江工业大学,前12%
2023,1202 工商管理,华中科技大学,前12%
2023,1202 工商管理,湖南大学,前12%
2023,1202 工商管理,中央财经大学,前12%
2023,1202 工商管理,复旦大学,前12%
2023,1202 工商管理,同济大学,前12%
2023,1202 工商管理,华南理工大学,前12%
2023,1202 工商管理,南京审计大学,前12%
2023,1202 工商管理,江西财经大学,前12%
2023,1204 公共管理,清华大学,前3%
2023,1204 公共管理,中国人民大学,前3%
2023,1204 公共管理,浙江大学,前3%
2023,1204 公共管理,中山大学,前3%
2023,1204 公共管理,北京大学,前3%
2023,1204 公共管理,华中科技大学,前3%
2023,1204 公共管理,上海交通大学,前7%
2023,1204 公共管理,复旦大学,前7%
2023,1204 公共管理,武汉大学,前7%
2023,1204 公共管理,南京农业大学,前7%
2023,1204 公共管理,四川大学,前7%
2023,1204 公共管理,南京大学,前7%
2023,1204 公共管理,北京师范大学,前7%
2023,1204 公共管理,西安交通大学,前7%
2023,1204 公共管理,兰州大学,前7%
2023,1204 公共管理,厦门大学,前12%
2023,1204 公共管理,中南财经政法大学,前12%
2023,1204 公共管理,重庆大学,前12%
2023,1204 公共管理,广州大学,前12%
2023,1204 公共管理,南开大学,前12%
2023,1204 公共管理,郑州大学,前12%
2023,1204 公共管理,山东大学,前12%
2023,1204 公共管理,华南理工大学,前12%
2023,1204 公共管理,华中师范大学,前12%
2023,1204 公共管理,湖南农业大学,前12%
2023,1204 公共管理,中国农业大学,前12%
2023,1204 公共管理,上海财经大学,前20%
2023,1204 公共管理,电子科技大学,前20%
2023,1204 公共管理,吉林大学,前20%
2023,1204 公共管理,华中农业大学,前20%
2023,1205 图书情报与档案管理,武汉大学,前2%
2023,1205 图书情报与档案管理,南京大学,前2%
2023,1205 图书情报与档案管理,中国人民大学,前7%
2023,1205 图书情报与档案管理,北京大学,前12%
2023,1205 图书情报与档案管理,上海大学,前12%
2023,1205 图书情报与档案管理,中山大学,前20%
2023,1205 图书情报与档案管理,华中师范大学,前20%
2023,1205 图书情报与档案管理,南开大学,前20%
2023,1205 图书情报与档案管理,吉林大学,前20%
2023,1205 图书情报与档案管理,山东理工大学,前30%
2023,1205 图书情报与档案管理,华东师范大学,前30%
2023,1205 图书情报与档案管理,苏州大学,前30%
2023,1205 图书情报与档案管理,四川大学,前30%
2023,1205 图书情报与档案管理,湘潭大学,前30%
2023,1205 图书情报与档案管理,郑州大学,前40%
2023,1205 图书情报与档案管理,南京农业大学,前40%
2023,1205 图书情报与档案管理,南京理工大学,前40%
2023,1205 图书情报与档案管理,天津师范大学,前40%
2023,1205 图书情报与档案管理,北京师范大学,前40%
2023,1205 图书情报与档案管理,安徽大学,前50%
2023,1205 图书情报与档案管理,黑龙江大学,前50%
2023,1205 图书情报与档案管理,西南大学,前50%
2023,1205 图书情报与档案管理,河北大学,前50%
2023,1205 图书情报与档案管理,郑州航空工业管理学院,前50%
